Gammel URL;Ny URL;Status;Kommentar
https://propertysolutions.no/aktuelt/backer-rigger-for-fremtiden-velger-fenistra-for-sin-eiendomsforvaltning;https://www.fenistra.no/media-backer;KLAR;
https://propertysolutions.no/aktuelt/derfor-har-h%C3%B6egh-eiendom-brukt-fenistra-i-over-to-ti%C3%A5r;https://www.fenistra.no/media-hoegh-eiendom;KLAR;
https://propertysolutions.no/aktuelt/dette-m%C3%A5-du-ha-oversikt-over-i-egen-eiendomsportef%C3%B8lje;https://www.fenistra.no/media-eiendomsportefolje-oversikt;KLAR;
https://propertysolutions.no/aktuelt/fenistra-brukerforum-2024;https://www.fenistra.no/media-brukerforum-2024-invitasjon;KLAR;
https://propertysolutions.no/aktuelt/fenistra-mest-komplette-l%C3%B8sningen-for-eiendomsforvaltning;https://www.fenistra.no/media-mest-komplette-losningen;KLAR;
https://propertysolutions.no/aktuelt/fenistra-tar-brukeropplevelsen-til-neste-niv%C3%A5;https://www.fenistra.no/media-brukeropplevelse-neste-niva;KLAR;
https://propertysolutions.no/aktuelt/fenistrabusiness-nxt-full-kontroll-p%C3%A5-%C3%B8konomi-og-eiendomsforvaltning;https://www.fenistra.no/media-business-nxt;KLAR;
https://propertysolutions.no/aktuelt/fra-budsjett-til-faktura-en-presis-og-transparent-fordeling;https://www.fenistra.no/media-budsjett-til-faktura;KLAR;
https://propertysolutions.no/aktuelt/ny-rapport-i-fenistra-kj%C3%B8psenter;https://www.fenistra.no/media-ny-rapport-kjopesenter;KLAR;
https://propertysolutions.no/aktuelt/oppsummering-av-fenistra-brukerforum-2024-innsikt-og-innovasjon-i-eiendomsbransjen;https://www.fenistra.no/media-brukerforum-2024-oppsummering;KLAR;
https://propertysolutions.no/aktuelt/skaper-kontinuerlig-verdi-for-kundene-i-et-voksende-marked;https://www.fenistra.no/media-kontinuerlig-verdi;KLAR;
https://propertysolutions.no/aktuelt/slik-revolusjonerer-fenistra-felleskostavregningen-din;https://www.fenistra.no/media-forenkler-felleskostnadene;KLAR;
https://propertysolutions.no/aktuelt/slik-sikrer-du-effektiv-innhenting-av-mva-erkl%C3%A6ringer-fra-leietakere;https://www.fenistra.no/media-mva-erklaringer;KLAR;
https://propertysolutions.no/eiendomsforvaltning;https://www.fenistra.no/;KLAR;
https://propertysolutions.no/eiendomsforvaltning/utleie;https://www.fenistra.no/losninger;KLAR;
https://propertysolutions.no/fenistra-premium;https://www.fenistra.no/priser;KLAR;
https://propertysolutions.no/fenistra-sammenlign;https://www.fenistra.no/priser;KLAR;
https://propertysolutions.no/fenistra-standard;https://www.fenistra.no/priser;KLAR;
https://propertysolutions.no/fenistra-tilleggsprodukter;https://www.fenistra.no/losninger;KLAR;
https://propertysolutions.no/fenistra-transaksjoner;https://www.fenistra.no/losninger;KLAR;
https://propertysolutions.no/forvaltningssystem;https://www.fenistra.no/;KLAR;
https://propertysolutions.no/forvaltningssystem/areal;https://www.fenistra.no/losning-arealberegning;KLAR;
https://propertysolutions.no/forvaltningssystem/erp/fenistra/business-nxt/;https://www.fenistra.no/integrasjon-regnskap-erp;KLAR;
https://propertysolutions.no/forvaltningssystem/felleskostnader;https://www.fenistra.no/losning-felleskostnader;KLAR;
https://propertysolutions.no/forvaltningssystem/justeringsforpliktelse;https://www.fenistra.no/losning-justering;KLAR;
https://propertysolutions.no/forvaltningssystem/kontraktforvaltning;https://www.fenistra.no/losning-kontrakter;KLAR;
https://propertysolutions.no/forvaltningssystem/mva-erklaering;https://www.fenistra.no/losning-mva-erklaring;KLAR;
https://propertysolutions.no/forvaltningssystem/omsetningsavregning;https://www.fenistra.no/losning-omsetningsavregning;KLAR;
https://propertysolutions.no/forvaltningssystem/omsetningsleie;https://www.fenistra.no/losning-omsetningsavregning;KLAR;
https://propertysolutions.no/forvaltningssystem/priser;https://www.fenistra.no/priser;KLAR;
https://propertysolutions.no/forvaltningssystem/priser-0;https://www.fenistra.no/priser;KLAR;
https://propertysolutions.no/forvaltningssystem/rapporter;https://www.fenistra.no/losning-rapportering;KLAR;
https://propertysolutions.no/forvaltningssystem/revisorsbekreftet-omsetning;https://www.fenistra.no/losning-rbo;KLAR;
https://propertysolutions.no/integrasjoner-api;https://www.fenistra.no/integrasjoner;KLAR;
https://propertysolutions.no/kontaktoss/salg;https://www.fenistra.no/kontakt-oss;KLAR;
https://propertysolutions.no/aapenhetsloven;;AVKLAR;Ikke Fenistra-spesifikk (VPS/andre produkter/segmentside) – bestem om den skal bli eller flyttes
https://propertysolutions.no/aktuelt;https://www.fenistra.no/blogg;AVKLAR;Kun hvis hele nyhetsarkivet flyttes
https://propertysolutions.no/aktuelt/-befester-posisjonen-som-eiendomsbransjens-bloomberg;;AVKLAR;Ikke Fenistra-spesifikk (VPS/andre produkter/segmentside) – bestem om den skal bli eller flyttes
https://propertysolutions.no/aktuelt/-dette-er-det-systemet-som-har-mest-tyngde-i-norge;https://www.fenistra.no/kunder;AVKLAR;"Artikkelen er ikke flyttet; /kunder lenker i dag til originalen"
https://propertysolutions.no/aktuelt/-fenistras-skybaserte-l%C3%B8sning-gir-full-oversikt-over-alle-leietakere-p%C3%A5-en-enkel-og-oversiktlig-m%C3%A5te;https://www.fenistra.no/;AVKLAR;Ikke flyttet
https://propertysolutions.no/aktuelt/-helt-annet-oppkj%C3%B8psmarked;;AVKLAR;Ikke Fenistra-spesifikk (VPS/andre produkter/segmentside) – bestem om den skal bli eller flyttes
https://propertysolutions.no/aktuelt/arealstatistikk-blir-en-del-av-visma-property-solutions;;AVKLAR;Ikke Fenistra-spesifikk (VPS/andre produkter/segmentside) – bestem om den skal bli eller flyttes
https://propertysolutions.no/aktuelt/gode-partnerskap-skaper-verdi;;AVKLAR;Ikke Fenistra-spesifikk (VPS/andre produkter/segmentside) – bestem om den skal bli eller flyttes
https://propertysolutions.no/aktuelt/hvordan-excel-holder-eiendomsforvaltningen-tilbake;;AVKLAR;Ikke Fenistra-spesifikk (VPS/andre produkter/segmentside) – bestem om den skal bli eller flyttes
https://propertysolutions.no/aktuelt/transaksjonsmarkedet-for-n%C3%A6ringseiendom-h1-2024-mot-h1-2025;;AVKLAR;Ikke Fenistra-spesifikk (VPS/andre produkter/segmentside) – bestem om den skal bli eller flyttes
https://propertysolutions.no/aktuelt/visma-kj%C3%B8per-adaptive-og-styrker-tilbudet-til-eiendomsbransjen;;AVKLAR;Ikke Fenistra-spesifikk (VPS/andre produkter/segmentside) – bestem om den skal bli eller flyttes
https://propertysolutions.no/aktuelt/visma-lanserer-ny-brukeropplevelse-p%C3%A5-fenistra;https://www.fenistra.no/media-brukeropplevelse-neste-niva;AVKLAR;Ikke flyttet – nærmeste tema
https://propertysolutions.no/aktuelt/visma-property-solutions-inng%C3%A5r-strategisk-partnerskap-med-placepoint;;AVKLAR;Ikke Fenistra-spesifikk (VPS/andre produkter/segmentside) – bestem om den skal bli eller flyttes
https://propertysolutions.no/bank;;AVKLAR;Ikke Fenistra-spesifikk (VPS/andre produkter/segmentside) – bestem om den skal bli eller flyttes
https://propertysolutions.no/bedriftsanalyse;;AVKLAR;Ikke Fenistra-spesifikk (VPS/andre produkter/segmentside) – bestem om den skal bli eller flyttes
https://propertysolutions.no/cookies;;AVKLAR;Ikke Fenistra-spesifikk (VPS/andre produkter/segmentside) – bestem om den skal bli eller flyttes
https://propertysolutions.no/eiendomsforvatning/innleie;https://www.fenistra.no/losninger;AVKLAR;Innleie-siden er fjernet – foreslått /losninger
https://propertysolutions.no/eiendomsutvikler;;AVKLAR;Ikke Fenistra-spesifikk (VPS/andre produkter/segmentside) – bestem om den skal bli eller flyttes
https://propertysolutions.no/fenistra-fornyes;https://www.fenistra.no/media-brukeropplevelse-neste-niva;AVKLAR;Antatt samme tema (ny brukeropplevelse) – bekreft
https://propertysolutions.no/forvaltningssystem/eiendomsutvikling;https://www.fenistra.no/;AVKLAR;Ingen tilsvarende side – foreslått forsiden
https://propertysolutions.no/gaardeier;;AVKLAR;Ikke Fenistra-spesifikk (VPS/andre produkter/segmentside) – bestem om den skal bli eller flyttes
https://propertysolutions.no/kontakt;https://www.fenistra.no/kontakt-oss;AVKLAR;Kun hvis kontaktsiden gjelder Fenistra
https://propertysolutions.no/kontaktoss/administrasjon;https://www.fenistra.no/kontakt-oss;AVKLAR;Kun hvis den gjelder Fenistra
https://propertysolutions.no/leverandorer;;AVKLAR;Ikke Fenistra-spesifikk (VPS/andre produkter/segmentside) – bestem om den skal bli eller flyttes
https://propertysolutions.no/naeringsmegler;;AVKLAR;Ikke Fenistra-spesifikk (VPS/andre produkter/segmentside) – bestem om den skal bli eller flyttes
https://propertysolutions.no/om-oss;;AVKLAR;Ikke Fenistra-spesifikk (VPS/andre produkter/segmentside) – bestem om den skal bli eller flyttes
https://propertysolutions.no/personvernerklaering;;AVKLAR;Ikke Fenistra-spesifikk (VPS/andre produkter/segmentside) – bestem om den skal bli eller flyttes
https://propertysolutions.no/portefoljeinnsikt;;AVKLAR;Ikke Fenistra-spesifikk (VPS/andre produkter/segmentside) – bestem om den skal bli eller flyttes
https://propertysolutions.no/produktinnspill;;AVKLAR;Footer-lenken «Produktinnspill» peker nå til HubSpot-skjemaet (share-eu1.hsforms.com/1LSfbG_8vT26C8X3y6yZRow2b231t) – kan videresendes dit
https://propertysolutions.no/raadgivende-ingeniorer;;AVKLAR;Ikke Fenistra-spesifikk (VPS/andre produkter/segmentside) – bestem om den skal bli eller flyttes
https://propertysolutions.no/support;https://www.fenistra.no/kundeteam;AVKLAR;Gjelder support for alle VPS-produkter? – bekreft
https://propertysolutions.no;;BEHOLD;VPS-forside – avhenger av om propertysolutions.no legges ned
https://propertysolutions.no/arealstatistikk;;BEHOLD;Ikke Fenistra-markedsinnhold (kunnskapsbase/andre produkter/innlogging) – blir på propertysolutions.no
https://propertysolutions.no/arealstatistikk-rapporter;;BEHOLD;Ikke Fenistra-markedsinnhold (kunnskapsbase/andre produkter/innlogging) – blir på propertysolutions.no
https://propertysolutions.no/eiendomsanalyse;;BEHOLD;Ikke Fenistra-markedsinnhold (kunnskapsbase/andre produkter/innlogging) – blir på propertysolutions.no
https://propertysolutions.no/en/om-oss;;BEHOLD;Ikke Fenistra-markedsinnhold (kunnskapsbase/andre produkter/innlogging) – blir på propertysolutions.no
https://propertysolutions.no/knowledge-base;;BEHOLD;Ikke Fenistra-markedsinnhold (kunnskapsbase/andre produkter/innlogging) – blir på propertysolutions.no
https://propertysolutions.no/knowledge-base/%C3%B8reavrunding-p%C3%A5-faktura;;BEHOLD;Ikke Fenistra-markedsinnhold (kunnskapsbase/andre produkter/innlogging) – blir på propertysolutions.no
https://propertysolutions.no/knowledge-base/-;;BEHOLD;Ikke Fenistra-markedsinnhold (kunnskapsbase/andre produkter/innlogging) – blir på propertysolutions.no
https://propertysolutions.no/knowledge-base/arealinndeling-i-n%C3%A6ringseiendom-et-%C3%B8konomisk-perspektiv-p%C3%A5-optimal-arealinndeling;;BEHOLD;Ikke Fenistra-markedsinnhold (kunnskapsbase/andre produkter/innlogging) – blir på propertysolutions.no
https://propertysolutions.no/knowledge-base/avslutte-butikk;;BEHOLD;Ikke Fenistra-markedsinnhold (kunnskapsbase/andre produkter/innlogging) – blir på propertysolutions.no
https://propertysolutions.no/knowledge-base/beregning-av-leie-og-terminbel%C3%B8p-;;BEHOLD;Ikke Fenistra-markedsinnhold (kunnskapsbase/andre produkter/innlogging) – blir på propertysolutions.no
https://propertysolutions.no/knowledge-base/beskrivelse-av-kontraktshierarkiet-i-fenistra;;BEHOLD;Ikke Fenistra-markedsinnhold (kunnskapsbase/andre produkter/innlogging) – blir på propertysolutions.no
https://propertysolutions.no/knowledge-base/driftsproblemer-i-fenistra.net-07.09.26;;BEHOLD;Ikke Fenistra-markedsinnhold (kunnskapsbase/andre produkter/innlogging) – blir på propertysolutions.no
https://propertysolutions.no/knowledge-base/eiendomsobjekt-eller-kontraktobjekt-;;BEHOLD;Ikke Fenistra-markedsinnhold (kunnskapsbase/andre produkter/innlogging) – blir på propertysolutions.no
https://propertysolutions.no/knowledge-base/endre-status-p%C3%A5-leietaker;;BEHOLD;Ikke Fenistra-markedsinnhold (kunnskapsbase/andre produkter/innlogging) – blir på propertysolutions.no
https://propertysolutions.no/knowledge-base/f%C3%B8rste-gang-du-logger-p%C3%A5-fenistra.net;;BEHOLD;Ikke Fenistra-markedsinnhold (kunnskapsbase/andre produkter/innlogging) – blir på propertysolutions.no
https://propertysolutions.no/knowledge-base/faktura-endringer-fra-fenistra-eiendom-til-fenistra.net;;BEHOLD;Ikke Fenistra-markedsinnhold (kunnskapsbase/andre produkter/innlogging) – blir på propertysolutions.no
https://propertysolutions.no/knowledge-base/fakturautsendelse-til-leietaker-;;BEHOLD;Ikke Fenistra-markedsinnhold (kunnskapsbase/andre produkter/innlogging) – blir på propertysolutions.no
https://propertysolutions.no/knowledge-base/fakturering-i-fenistra.net-enkel-guide-for-nye-brukere-i-fenistra;;BEHOLD;Ikke Fenistra-markedsinnhold (kunnskapsbase/andre produkter/innlogging) – blir på propertysolutions.no
https://propertysolutions.no/knowledge-base/feils%C3%B8king-av-citrix-workspace-app-og-bruk-av-nettleserklient;;BEHOLD;Ikke Fenistra-markedsinnhold (kunnskapsbase/andre produkter/innlogging) – blir på propertysolutions.no
https://propertysolutions.no/knowledge-base/fenistra-brukerforening-;;BEHOLD;Ikke Fenistra-markedsinnhold (kunnskapsbase/andre produkter/innlogging) – blir på propertysolutions.no
https://propertysolutions.no/knowledge-base/fenistra-dagene-2026-nytt-navn-full-sal-og-litt-fart-i-sn%C3%B8hallen;;BEHOLD;Ikke Fenistra-markedsinnhold (kunnskapsbase/andre produkter/innlogging) – blir på propertysolutions.no
https://propertysolutions.no/knowledge-base/fenistradagene-2026;;BEHOLD;Ikke Fenistra-markedsinnhold (kunnskapsbase/andre produkter/innlogging) – blir på propertysolutions.no
https://propertysolutions.no/knowledge-base/funksjonalitet-og-tilgjengelighet-i-fenistra.net-hva-er-klart-og-hva-kommer;;BEHOLD;Ikke Fenistra-markedsinnhold (kunnskapsbase/andre produkter/innlogging) – blir på propertysolutions.no
https://propertysolutions.no/knowledge-base/gj%C3%B8re-klart-til-%C3%A5-sende-ut-mva-erkl%C3%A6ringer;;BEHOLD;Ikke Fenistra-markedsinnhold (kunnskapsbase/andre produkter/innlogging) – blir på propertysolutions.no
https://propertysolutions.no/knowledge-base/h%C3%A5ndtering-av-redusert-mva-sats-p%C3%A5-vann-og-avl%C3%B8p;;BEHOLD;Ikke Fenistra-markedsinnhold (kunnskapsbase/andre produkter/innlogging) – blir på propertysolutions.no
https://propertysolutions.no/knowledge-base/h%C3%A5ndtering-av-sikkerhet-og-garantier-i-fenistra.net;;BEHOLD;Ikke Fenistra-markedsinnhold (kunnskapsbase/andre produkter/innlogging) – blir på propertysolutions.no
https://propertysolutions.no/knowledge-base/hva-du-b%C3%B8r-huske-p%C3%A5-for-%C3%A5rets-mva-erkl%C3%A6ringer;;BEHOLD;Ikke Fenistra-markedsinnhold (kunnskapsbase/andre produkter/innlogging) – blir på propertysolutions.no
https://propertysolutions.no/knowledge-base/hvordan-arkivere-et-selskap-;;BEHOLD;Ikke Fenistra-markedsinnhold (kunnskapsbase/andre produkter/innlogging) – blir på propertysolutions.no
https://propertysolutions.no/knowledge-base/hvordan-bruke-fenistra-protokoller;;BEHOLD;Ikke Fenistra-markedsinnhold (kunnskapsbase/andre produkter/innlogging) – blir på propertysolutions.no
https://propertysolutions.no/knowledge-base/hvordan-bruke-kontrakt;;BEHOLD;Ikke Fenistra-markedsinnhold (kunnskapsbase/andre produkter/innlogging) – blir på propertysolutions.no
https://propertysolutions.no/knowledge-base/hvordan-bruke-leietakerlisten-for-%C3%A5-f%C3%A5-detaljert-informasjon-over-innholdet-i-dine-aktive-leiekontrakter;;BEHOLD;Ikke Fenistra-markedsinnhold (kunnskapsbase/andre produkter/innlogging) – blir på propertysolutions.no
https://propertysolutions.no/knowledge-base/hvordan-bruke-rapporter-p%C3%A5-en-effektiv-m%C3%A5te;;BEHOLD;Ikke Fenistra-markedsinnhold (kunnskapsbase/andre produkter/innlogging) – blir på propertysolutions.no
https://propertysolutions.no/knowledge-base/hvordan-bytte-butikkansvarlig;;BEHOLD;Ikke Fenistra-markedsinnhold (kunnskapsbase/andre produkter/innlogging) – blir på propertysolutions.no
https://propertysolutions.no/knowledge-base/hvordan-endre-bel%C3%B8p-p%C3%A5-kontraktsobjekt;;BEHOLD;Ikke Fenistra-markedsinnhold (kunnskapsbase/andre produkter/innlogging) – blir på propertysolutions.no
https://propertysolutions.no/knowledge-base/hvordan-endre-passord;;BEHOLD;Ikke Fenistra-markedsinnhold (kunnskapsbase/andre produkter/innlogging) – blir på propertysolutions.no
https://propertysolutions.no/knowledge-base/hvordan-endre-startdato-for-nbpd-kontrakter;;BEHOLD;Ikke Fenistra-markedsinnhold (kunnskapsbase/andre produkter/innlogging) – blir på propertysolutions.no
https://propertysolutions.no/knowledge-base/hvordan-kan-jeg-endre-purreoppsettet-p%C3%A5-en-eller-flere-butikker;;BEHOLD;Ikke Fenistra-markedsinnhold (kunnskapsbase/andre produkter/innlogging) – blir på propertysolutions.no
https://propertysolutions.no/knowledge-base/hvordan-kreditere-en-faktura-;;BEHOLD;Ikke Fenistra-markedsinnhold (kunnskapsbase/andre produkter/innlogging) – blir på propertysolutions.no
https://propertysolutions.no/knowledge-base/hvordan-lage-en-aktivitet;;BEHOLD;Ikke Fenistra-markedsinnhold (kunnskapsbase/andre produkter/innlogging) – blir på propertysolutions.no
https://propertysolutions.no/knowledge-base/hvordan-legge-til-nye-brukere-i-fensitra;;BEHOLD;Ikke Fenistra-markedsinnhold (kunnskapsbase/andre produkter/innlogging) – blir på propertysolutions.no
https://propertysolutions.no/knowledge-base/hvordan-opprette-bruker-i-fenistra.net-;;BEHOLD;Ikke Fenistra-markedsinnhold (kunnskapsbase/andre produkter/innlogging) – blir på propertysolutions.no
https://propertysolutions.no/knowledge-base/hvordan-opprette-eiendom;;BEHOLD;Ikke Fenistra-markedsinnhold (kunnskapsbase/andre produkter/innlogging) – blir på propertysolutions.no
https://propertysolutions.no/knowledge-base/hvordan-opprette-en-ny-butikk;;BEHOLD;Ikke Fenistra-markedsinnhold (kunnskapsbase/andre produkter/innlogging) – blir på propertysolutions.no
https://propertysolutions.no/knowledge-base/hvordan-opprette-leietaker;;BEHOLD;Ikke Fenistra-markedsinnhold (kunnskapsbase/andre produkter/innlogging) – blir på propertysolutions.no
https://propertysolutions.no/knowledge-base/hvordan-opprette-nye-lokaler;;BEHOLD;Ikke Fenistra-markedsinnhold (kunnskapsbase/andre produkter/innlogging) – blir på propertysolutions.no
https://propertysolutions.no/knowledge-base/hvordan-opprette-og-endre-fakturaoppsett-for-leietakere-i-fenistra-;;BEHOLD;Ikke Fenistra-markedsinnhold (kunnskapsbase/andre produkter/innlogging) – blir på propertysolutions.no
https://propertysolutions.no/knowledge-base/hvordan-opprette-selskap-og-eiendom;;BEHOLD;Ikke Fenistra-markedsinnhold (kunnskapsbase/andre produkter/innlogging) – blir på propertysolutions.no
https://propertysolutions.no/knowledge-base/hvordan-sende-ut-mva-erkl%C3%A6ringer;;BEHOLD;Ikke Fenistra-markedsinnhold (kunnskapsbase/andre produkter/innlogging) – blir på propertysolutions.no
https://propertysolutions.no/knowledge-base/hvordan-slette-fakturaposter-fra-bilagseksport-;;BEHOLD;Ikke Fenistra-markedsinnhold (kunnskapsbase/andre produkter/innlogging) – blir på propertysolutions.no
https://propertysolutions.no/knowledge-base/hvordan-sortere-endre-oversikten-og-eksportere-data-fra-kontraktsobjekter;;BEHOLD;Ikke Fenistra-markedsinnhold (kunnskapsbase/andre produkter/innlogging) – blir på propertysolutions.no
https://propertysolutions.no/knowledge-base/innstillinger-i-kontrakt;;BEHOLD;Ikke Fenistra-markedsinnhold (kunnskapsbase/andre produkter/innlogging) – blir på propertysolutions.no
https://propertysolutions.no/knowledge-base/integrasjonsguide-for-visma-business-nxt;;BEHOLD;Ikke Fenistra-markedsinnhold (kunnskapsbase/andre produkter/innlogging) – blir på propertysolutions.no
https://propertysolutions.no/knowledge-base/integrasjonsguide-for-xledger;;BEHOLD;Ikke Fenistra-markedsinnhold (kunnskapsbase/andre produkter/innlogging) – blir på propertysolutions.no
https://propertysolutions.no/knowledge-base/integrasjonsguide-poweroffice-go;;BEHOLD;Ikke Fenistra-markedsinnhold (kunnskapsbase/andre produkter/innlogging) – blir på propertysolutions.no
https://propertysolutions.no/knowledge-base/integrasjonsjonsoppsett-mot-tripletex;;BEHOLD;Ikke Fenistra-markedsinnhold (kunnskapsbase/andre produkter/innlogging) – blir på propertysolutions.no
https://propertysolutions.no/knowledge-base/integrasjonsjonsoppsett-mot-visma.net;;BEHOLD;Ikke Fenistra-markedsinnhold (kunnskapsbase/andre produkter/innlogging) – blir på propertysolutions.no
https://propertysolutions.no/knowledge-base/jeg-har-en-butikk-med-andre-%C3%A5pningstider-enn-senteret;;BEHOLD;Ikke Fenistra-markedsinnhold (kunnskapsbase/andre produkter/innlogging) – blir på propertysolutions.no
https://propertysolutions.no/knowledge-base/justeringsmodulen-webinar;;BEHOLD;Ikke Fenistra-markedsinnhold (kunnskapsbase/andre produkter/innlogging) – blir på propertysolutions.no
https://propertysolutions.no/knowledge-base/kb-404;;BEHOLD;Ikke Fenistra-markedsinnhold (kunnskapsbase/andre produkter/innlogging) – blir på propertysolutions.no
https://propertysolutions.no/knowledge-base/kb-search-results;;BEHOLD;Ikke Fenistra-markedsinnhold (kunnskapsbase/andre produkter/innlogging) – blir på propertysolutions.no
https://propertysolutions.no/knowledge-base/kb-tickets/new;;BEHOLD;Ikke Fenistra-markedsinnhold (kunnskapsbase/andre produkter/innlogging) – blir på propertysolutions.no
https://propertysolutions.no/knowledge-base/knytte-kontrakt-til-butikk;;BEHOLD;Ikke Fenistra-markedsinnhold (kunnskapsbase/andre produkter/innlogging) – blir på propertysolutions.no
https://propertysolutions.no/knowledge-base/kom-i-gang-med-fakturering-i-fenistra.net-;;BEHOLD;Ikke Fenistra-markedsinnhold (kunnskapsbase/andre produkter/innlogging) – blir på propertysolutions.no
https://propertysolutions.no/knowledge-base/kom-i-gang-med-felleskostavregning;;BEHOLD;Ikke Fenistra-markedsinnhold (kunnskapsbase/andre produkter/innlogging) – blir på propertysolutions.no
https://propertysolutions.no/knowledge-base/kom-i-gang-med-registrering;;BEHOLD;Ikke Fenistra-markedsinnhold (kunnskapsbase/andre produkter/innlogging) – blir på propertysolutions.no
https://propertysolutions.no/knowledge-base/komme-i-gang-som-butikksjef-i-fenistra.net;;BEHOLD;Ikke Fenistra-markedsinnhold (kunnskapsbase/andre produkter/innlogging) – blir på propertysolutions.no
https://propertysolutions.no/knowledge-base/legg-til-transaksjonstyper-for-selskap-og-eiendomsobjekt;;BEHOLD;Ikke Fenistra-markedsinnhold (kunnskapsbase/andre produkter/innlogging) – blir på propertysolutions.no
https://propertysolutions.no/knowledge-base/logge-p%C3%A5-fenistra.net-f%C3%B8rste-gang;;BEHOLD;Ikke Fenistra-markedsinnhold (kunnskapsbase/andre produkter/innlogging) – blir på propertysolutions.no
https://propertysolutions.no/knowledge-base/mva-erkl%C3%A6ring-til-leietakere;;BEHOLD;Ikke Fenistra-markedsinnhold (kunnskapsbase/andre produkter/innlogging) – blir på propertysolutions.no
https://propertysolutions.no/knowledge-base/nyhetsbrev-fra-fenistra;;BEHOLD;Ikke Fenistra-markedsinnhold (kunnskapsbase/andre produkter/innlogging) – blir på propertysolutions.no
https://propertysolutions.no/knowledge-base/nytt-basis%C3%A5r-for-kpi-fra-ssb;;BEHOLD;Ikke Fenistra-markedsinnhold (kunnskapsbase/andre produkter/innlogging) – blir på propertysolutions.no
https://propertysolutions.no/knowledge-base/ofte-stilte-sp%C3%B8rsm%C3%A5l-om-fakturering-i-fenistra.net-qa;;BEHOLD;Ikke Fenistra-markedsinnhold (kunnskapsbase/andre produkter/innlogging) – blir på propertysolutions.no
https://propertysolutions.no/knowledge-base/oppf%C3%B8lging-og-distribusjon-av-utsendte-fakturaer-til-leietaker;;BEHOLD;Ikke Fenistra-markedsinnhold (kunnskapsbase/andre produkter/innlogging) – blir på propertysolutions.no
https://propertysolutions.no/knowledge-base/opprett-ny-kontrakt-basert-p%C3%A5-en-eksisterende;;BEHOLD;Ikke Fenistra-markedsinnhold (kunnskapsbase/andre produkter/innlogging) – blir på propertysolutions.no
https://propertysolutions.no/knowledge-base/opprett-ny-leietaker;;BEHOLD;Ikke Fenistra-markedsinnhold (kunnskapsbase/andre produkter/innlogging) – blir på propertysolutions.no
https://propertysolutions.no/knowledge-base/opprette-og-endre-kontraktsansvarlig;;BEHOLD;Ikke Fenistra-markedsinnhold (kunnskapsbase/andre produkter/innlogging) – blir på propertysolutions.no
https://propertysolutions.no/knowledge-base/opprettelse-av-kontraktsobjekt;;BEHOLD;Ikke Fenistra-markedsinnhold (kunnskapsbase/andre produkter/innlogging) – blir på propertysolutions.no
https://propertysolutions.no/knowledge-base/oppsett-av-brukertilganger-;;BEHOLD;Ikke Fenistra-markedsinnhold (kunnskapsbase/andre produkter/innlogging) – blir på propertysolutions.no
https://propertysolutions.no/knowledge-base/oppsett-av-fakturautsendelse-meldingsutsender;;BEHOLD;Ikke Fenistra-markedsinnhold (kunnskapsbase/andre produkter/innlogging) – blir på propertysolutions.no
https://propertysolutions.no/knowledge-base/oppsett-av-ny-periode-for-revisorbekreftet-omsetning;;BEHOLD;Ikke Fenistra-markedsinnhold (kunnskapsbase/andre produkter/innlogging) – blir på propertysolutions.no
https://propertysolutions.no/knowledge-base/overdragelse-av-kontrakt;;BEHOLD;Ikke Fenistra-markedsinnhold (kunnskapsbase/andre produkter/innlogging) – blir på propertysolutions.no
https://propertysolutions.no/knowledge-base/overf%C3%B8ring-til-regnskap;;BEHOLD;Ikke Fenistra-markedsinnhold (kunnskapsbase/andre produkter/innlogging) – blir på propertysolutions.no
https://propertysolutions.no/knowledge-base/planlagt-oppdatering-fenistra;;BEHOLD;Ikke Fenistra-markedsinnhold (kunnskapsbase/andre produkter/innlogging) – blir på propertysolutions.no
https://propertysolutions.no/knowledge-base/registering-av-kontrakter;;BEHOLD;Ikke Fenistra-markedsinnhold (kunnskapsbase/andre produkter/innlogging) – blir på propertysolutions.no
https://propertysolutions.no/knowledge-base/registrere-en-kontrakt;;BEHOLD;Ikke Fenistra-markedsinnhold (kunnskapsbase/andre produkter/innlogging) – blir på propertysolutions.no
https://propertysolutions.no/knowledge-base/revisorbekreftet-omsetning-webinar-;;BEHOLD;Ikke Fenistra-markedsinnhold (kunnskapsbase/andre produkter/innlogging) – blir på propertysolutions.no
https://propertysolutions.no/knowledge-base/revisorbekreftetomsetning;;BEHOLD;Ikke Fenistra-markedsinnhold (kunnskapsbase/andre produkter/innlogging) – blir på propertysolutions.no
https://propertysolutions.no/knowledge-base/sjekkliste-f%C3%B8r-du-fakturerer;;BEHOLD;Ikke Fenistra-markedsinnhold (kunnskapsbase/andre produkter/innlogging) – blir på propertysolutions.no
https://propertysolutions.no/knowledge-base/sjekkliste-f%C3%B8r-fakturering;;BEHOLD;Ikke Fenistra-markedsinnhold (kunnskapsbase/andre produkter/innlogging) – blir på propertysolutions.no
https://propertysolutions.no/knowledge-base/slik-legger-du-til-eiendom-og-eiendomsobjekt;;BEHOLD;Ikke Fenistra-markedsinnhold (kunnskapsbase/andre produkter/innlogging) – blir på propertysolutions.no
https://propertysolutions.no/knowledge-base/test;;BEHOLD;Ikke Fenistra-markedsinnhold (kunnskapsbase/andre produkter/innlogging) – blir på propertysolutions.no
https://propertysolutions.no/knowledge-base/trenger-du-hjelp-;;BEHOLD;Ikke Fenistra-markedsinnhold (kunnskapsbase/andre produkter/innlogging) – blir på propertysolutions.no
https://propertysolutions.no/ledig-stillinger;;BEHOLD;Ikke Fenistra-markedsinnhold (kunnskapsbase/andre produkter/innlogging) – blir på propertysolutions.no
https://propertysolutions.no/logg-inn;;BEHOLD;Ikke Fenistra-markedsinnhold (kunnskapsbase/andre produkter/innlogging) – blir på propertysolutions.no
https://propertysolutions.no/markedsanalyse;;BEHOLD;Ikke Fenistra-markedsinnhold (kunnskapsbase/andre produkter/innlogging) – blir på propertysolutions.no
https://propertysolutions.no/markedsanalyse/naeringseiendom;;BEHOLD;Ikke Fenistra-markedsinnhold (kunnskapsbase/andre produkter/innlogging) – blir på propertysolutions.no
