Original URL,Redirect to
/aktuelt/backer-rigger-for-fremtiden-velger-fenistra-for-sin-eiendomsforvaltning,https://www.fenistra.no/media-backer
/aktuelt/derfor-har-h%C3%B6egh-eiendom-brukt-fenistra-i-over-to-ti%C3%A5r,https://www.fenistra.no/media-hoegh-eiendom
/aktuelt/dette-m%C3%A5-du-ha-oversikt-over-i-egen-eiendomsportef%C3%B8lje,https://www.fenistra.no/media-eiendomsportefolje-oversikt
/aktuelt/fenistra-brukerforum-2024,https://www.fenistra.no/media-brukerforum-2024-invitasjon
/aktuelt/fenistra-mest-komplette-l%C3%B8sningen-for-eiendomsforvaltning,https://www.fenistra.no/media-mest-komplette-losningen
/aktuelt/fenistra-tar-brukeropplevelsen-til-neste-niv%C3%A5,https://www.fenistra.no/media-brukeropplevelse-neste-niva
/aktuelt/fenistrabusiness-nxt-full-kontroll-p%C3%A5-%C3%B8konomi-og-eiendomsforvaltning,https://www.fenistra.no/media-business-nxt
/aktuelt/fra-budsjett-til-faktura-en-presis-og-transparent-fordeling,https://www.fenistra.no/media-budsjett-til-faktura
/aktuelt/ny-rapport-i-fenistra-kj%C3%B8psenter,https://www.fenistra.no/media-ny-rapport-kjopesenter
/aktuelt/oppsummering-av-fenistra-brukerforum-2024-innsikt-og-innovasjon-i-eiendomsbransjen,https://www.fenistra.no/media-brukerforum-2024-oppsummering
/aktuelt/skaper-kontinuerlig-verdi-for-kundene-i-et-voksende-marked,https://www.fenistra.no/media-kontinuerlig-verdi
/aktuelt/slik-revolusjonerer-fenistra-felleskostavregningen-din,https://www.fenistra.no/media-forenkler-felleskostnadene
/aktuelt/slik-sikrer-du-effektiv-innhenting-av-mva-erkl%C3%A6ringer-fra-leietakere,https://www.fenistra.no/media-mva-erklaringer
/eiendomsforvaltning,https://www.fenistra.no/
/eiendomsforvaltning/utleie,https://www.fenistra.no/losninger
/fenistra-premium,https://www.fenistra.no/priser
/fenistra-sammenlign,https://www.fenistra.no/priser
/fenistra-standard,https://www.fenistra.no/priser
/fenistra-tilleggsprodukter,https://www.fenistra.no/losninger
/fenistra-transaksjoner,https://www.fenistra.no/losninger
/forvaltningssystem,https://www.fenistra.no/
/forvaltningssystem/areal,https://www.fenistra.no/losning-arealberegning
/forvaltningssystem/erp/fenistra/business-nxt/,https://www.fenistra.no/integrasjon-regnskap-erp
/forvaltningssystem/felleskostnader,https://www.fenistra.no/losning-felleskostnader
/forvaltningssystem/justeringsforpliktelse,https://www.fenistra.no/losning-justering
/forvaltningssystem/kontraktforvaltning,https://www.fenistra.no/losning-kontrakter
/forvaltningssystem/mva-erklaering,https://www.fenistra.no/losning-mva-erklaring
/forvaltningssystem/omsetningsavregning,https://www.fenistra.no/losning-omsetningsavregning
/forvaltningssystem/omsetningsleie,https://www.fenistra.no/losning-omsetningsavregning
/forvaltningssystem/priser,https://www.fenistra.no/priser
/forvaltningssystem/priser-0,https://www.fenistra.no/priser
/forvaltningssystem/rapporter,https://www.fenistra.no/losning-rapportering
/forvaltningssystem/revisorsbekreftet-omsetning,https://www.fenistra.no/losning-rbo
/integrasjoner-api,https://www.fenistra.no/integrasjoner
/kontaktoss/salg,https://www.fenistra.no/kontakt-oss
